{
  "mode": "drive",
  "agents": [
    {
      "start_location": [43.66530804539382, -79.410210044581],
      "end_location": [43.66530804539382, -79.410210044581],
      "time_windows": [[0, 15000]]
    }
  ],
  "jobs": [
    {
      "location": [43.66699217667477, -79.41173890356701],
      "time_windows": [[3340, 4450]],
      "duration": "30"
    },
    {
      "location": [43.66699227667477, -79.41173690356701],
      "time_windows": [
        [3340, 4450],
        [9000, 13000]
      ],
      "duration": "30"
    },
    {
      "location": [43.666992176675, -79.41173890356801],
      "time_windows": [[1000, 13000]],
      "duration": "30"
    }
  ]
}
