{
  "mode":"drive",
  "agents":[
    {"start_location":[-79.39795600294408,43.665695],"end_location":[-79.39795600294408,43.665695]},
    {"start_location":[-79.40066795600318,43.66697885],"end_location":[-79.40066795600318,43.66697885]},
    {"start_location":[-79.40084036575797,43.662132150000005],"end_location":[-79.40084036575797,43.662132150000005]}
  ],
  "jobs":[
    {"location":[-79.4051229,43.6665844],"duration":600,"time_windows":[[3600,7200],[8000,9000]]},
    {"location":[-79.4033563,43.6653263],"duration":600,"time_windows":[[7200,10800]]}
  ]
}
